<Ui xmlns="http://www.blizzard.com/wow/ui/" xmlns:xsi="http://www.w3.org/2001/XMLSchema-instance" xsi:schemaLocation="http://www.blizzard.com/wow/ui/
..\FrameXML\UI.xsd">
	<Script file="LibBabble-3.0.lua" />
	<Script file="LibBabble-SubZone-3.0.lua" />
	<Script file="LibBabble-SubZone-3.0_deDE.lua" />
	<Script file="LibBabble-SubZone-3.0_frFR.lua" />
	<Script file="LibBabble-SubZone-3.0_esES.lua" />
	<Script file="LibBabble-SubZone-3.0_esMX.lua" />
	<Script file="LibBabble-SubZone-3.0_koKR.lua" />
	<Script file="LibBabble-SubZone-3.0_ptBR.lua" />
	<Script file="LibBabble-SubZone-3.0_ruRU.lua" />
	<Script file="LibBabble-SubZone-3.0_zhCN.lua" />
	<Script file="LibBabble-SubZone-3.0_zhTW.lua" />
	<Script file="LibBabble-SubZone-3.0_itIT.lua" />
</Ui>
